<?xml version="1.0" encoding="UTF-8"?>
<project-private xmlns="http://www.netbeans.org/ns/project-private/1">
    <editor-bookmarks xmlns="http://www.netbeans.org/ns/editor-bookmarks/2" lastBookmarkId="0"/>
    <open-files xmlns="http://www.netbeans.org/ns/projectui-open-files/2">
        <group>
            <file>file:/C:/Users/Administrador/Documents/NetBeansProjects/proyecto/src/Modelo/Reg_ClienteDAO.java</file>
            <file>file:/C:/Users/Administrador/Documents/NetBeansProjects/proyecto/src/Modelo/Conexion.java</file>
            <file>file:/C:/Users/Administrador/Documents/NetBeansProjects/proyecto/src/Vista/Vista.java</file>
            <file>file:/C:/Users/Administrador/Documents/NetBeansProjects/proyecto/src/Modelo/Pedidos.java</file>
            <file>file:/C:/Users/Administrador/Documents/NetBeansProjects/proyecto/src/Controlador/Controlador.java</file>
            <file>file:/C:/Users/Administrador/Documents/NetBeansProjects/proyecto/src/Modelo/PedidosDAO.java</file>
        </group>
    </open-files>
</project-private>
